<?xml version="1.0" encoding="UTF-8"?>
<GenRun Id="impl_1" LaunchPart="xc7a35tcpg236-1" LaunchTime="1676354782">
  <File Type="BITSTR-BMM" Name="toplvl_bd.bmm"/>
  <File Type="OPT-METHODOLOGY-DRC" Name="toplvl_methodology_drc_opted.rpt"/>
  <File Type="INIT-TIMING" Name="toplvl_timing_summary_init.rpt"/>
  <File Type="ROUTE-PWR" Name="toplvl_power_routed.rpt"/>
  <File Type="PA-TCL" Name="toplvl.tcl"/>
  <File Type="OPT-TIMING" Name="toplvl_timing_summary_opted.rpt"/>
  <File Type="OPT-DCP" Name="toplvl_opt.dcp"/>
  <File Type="ROUTE-PWR-SUM" Name="toplvl_power_summary_routed.pb"/>
  <File Type="REPORTS-TCL" Name="toplvl_reports.tcl"/>
  <File Type="OPT-DRC" Name="toplvl_drc_opted.rpt"/>
  <File Type="OPT-HWDEF" Name="toplvl.hwdef"/>
  <File Type="PWROPT-DCP" Name="toplvl_pwropt.dcp"/>
  <File Type="PWROPT-DRC" Name="toplvl_drc_pwropted.rpt"/>
  <File Type="PWROPT-TIMING" Name="toplvl_timing_summary_pwropted.rpt"/>
  <File Type="PLACE-DCP" Name="toplvl_placed.dcp"/>
  <File Type="PLACE-IO" Name="toplvl_io_placed.rpt"/>
  <File Type="PLACE-CLK" Name="toplvl_clock_utilization_placed.rpt"/>
  <File Type="PLACE-UTIL" Name="toplvl_utilization_placed.rpt"/>
  <File Type="PLACE-UTIL-PB" Name="toplvl_utilization_placed.pb"/>
  <File Type="PLACE-CTRL" Name="toplvl_control_sets_placed.rpt"/>
  <File Type="PLACE-SIMILARITY" Name="toplvl_incremental_reuse_placed.rpt"/>
  <File Type="PLACE-PRE-SIMILARITY" Name="toplvl_incremental_reuse_pre_placed.rpt"/>
  <File Type="BG-BGN" Name="toplvl.bgn"/>
  <File Type="PLACE-TIMING" Name="toplvl_timing_summary_placed.rpt"/>
  <File Type="POSTPLACE-PWROPT-DCP" Name="toplvl_postplace_pwropt.dcp"/>
  <File Type="BG-BIN" Name="toplvl.bin"/>
  <File Type="POSTPLACE-PWROPT-TIMING" Name="toplvl_timing_summary_postplace_pwropted.rpt"/>
  <File Type="PHYSOPT-DCP" Name="toplvl_physopt.dcp"/>
  <File Type="PHYSOPT-DRC" Name="toplvl_drc_physopted.rpt"/>
  <File Type="BITSTR-MSK" Name="toplvl.msk"/>
  <File Type="PHYSOPT-TIMING" Name="toplvl_timing_summary_physopted.rpt"/>
  <File Type="ROUTE-ERROR-DCP" Name="toplvl_routed_error.dcp"/>
  <File Type="ROUTE-DCP" Name="toplvl_routed.dcp"/>
  <File Type="ROUTE-BLACKBOX-DCP" Name="toplvl_routed_bb.dcp"/>
  <File Type="ROUTE-DRC" Name="toplvl_drc_routed.rpt"/>
  <File Type="ROUTE-DRC-PB" Name="toplvl_drc_routed.pb"/>
  <File Type="BITSTR-LTX" Name="debug_nets.ltx"/>
  <File Type="BITSTR-LTX" Name="toplvl.ltx"/>
  <File Type="ROUTE-DRC-RPX" Name="toplvl_drc_routed.rpx"/>
  <File Type="BITSTR-MMI" Name="toplvl.mmi"/>
  <File Type="ROUTE-METHODOLOGY-DRC" Name="toplvl_methodology_drc_routed.rpt"/>
  <File Type="ROUTE-METHODOLOGY-DRC-RPX" Name="toplvl_methodology_drc_routed.rpx"/>
  <File Type="BITSTR-SYSDEF" Name="toplvl.sysdef"/>
  <File Type="ROUTE-METHODOLOGY-DRC-PB" Name="toplvl_methodology_drc_routed.pb"/>
  <File Type="ROUTE-PWR-RPX" Name="toplvl_power_routed.rpx"/>
  <File Type="ROUTE-STATUS" Name="toplvl_route_status.rpt"/>
  <File Type="ROUTE-STATUS-PB" Name="toplvl_route_status.pb"/>
  <File Type="ROUTE-TIMINGSUMMARY" Name="toplvl_timing_summary_routed.rpt"/>
  <File Type="ROUTE-TIMING-PB" Name="toplvl_timing_summary_routed.pb"/>
  <File Type="ROUTE-TIMING-RPX" Name="toplvl_timing_summary_routed.rpx"/>
  <File Type="ROUTE-SIMILARITY" Name="toplvl_incremental_reuse_routed.rpt"/>
  <File Type="ROUTE-CLK" Name="toplvl_clock_utilization_routed.rpt"/>
  <File Type="ROUTE-BUS-SKEW" Name="toplvl_bus_skew_routed.rpt"/>
  <File Type="ROUTE-BUS-SKEW-PB" Name="toplvl_bus_skew_routed.pb"/>
  <File Type="ROUTE-BUS-SKEW-RPX" Name="toplvl_bus_skew_routed.rpx"/>
  <File Type="POSTROUTE-PHYSOPT-DCP" Name="toplvl_postroute_physopt.dcp"/>
  <File Type="POSTROUTE-PHYSOPT-BLACKBOX-DCP" Name="toplvl_postroute_physopt_bb.dcp"/>
  <File Type="POSTROUTE-PHYSOPT-TIMING" Name="toplvl_timing_summary_postroute_physopted.rpt"/>
  <File Type="POSTROUTE-PHYSOPT-TIMING-PB" Name="toplvl_timing_summary_postroute_physopted.pb"/>
  <File Type="POSTROUTE-PHYSOPT-TIMING-RPX" Name="toplvl_timing_summary_postroute_physopted.rpx"/>
  <File Type="POSTROUTE-PHYSOPT-BUS-SKEW" Name="toplvl_bus_skew_postroute_physopted.rpt"/>
  <File Type="POSTROUTE-PHYSOPT-BUS-SKEW-PB" Name="toplvl_bus_skew_postroute_physopted.pb"/>
  <File Type="BG-BIT" Name="toplvl.bit"/>
  <File Type="POSTROUTE-PHYSOPT-BUS-SKEW-RPX" Name="toplvl_bus_skew_postroute_physopted.rpx"/>
  <File Type="BITSTR-RBT" Name="toplvl.rbt"/>
  <File Type="BITSTR-NKY" Name="toplvl.nky"/>
  <File Type="BG-DRC" Name="toplvl.drc"/>
  <File Type="RDI-RDI" Name="toplvl.vdi"/>
  <File Type="WBT-USG" Name="usage_statistics_webtalk.html"/>
  <FileSet Name="sources" Type="DesignSrcs" RelSrcDir="$PSRCDIR/sources_1">
    <Filter Type="Srcs"/>
    <File Path="$PSRCDIR/sources_1/imports/new/2to1Mux.v">
      <FileInfo>
        <Attr Name="ImportPath" Val="$PPRDIR/../p2_5/p2_5.srcs/sources_1/new/2to1Mux.v"/>
        <Attr Name="ImportTime" Val="1676248942"/>
        <Attr Name="UsedIn" Val="synthesis"/>
        <Attr Name="UsedIn" Val="implementation"/>
        <Attr Name="UsedIn" Val="simulation"/>
      </FileInfo>
    </File>
    <File Path="$PSRCDIR/sources_1/imports/sources_1/imports/new/Counter.v">
      <FileInfo>
        <Attr Name="ImportPath" Val="$PPRDIR/../p3_12/p3_12.srcs/sources_1/imports/new/Counter.v"/>
        <Attr Name="ImportTime" Val="1675991948"/>
        <Attr Name="UsedIn" Val="synthesis"/>
        <Attr Name="UsedIn" Val="implementation"/>
        <Attr Name="UsedIn" Val="simulation"/>
      </FileInfo>
    </File>
    <File Path="$PSRCDIR/sources_1/new/Decoder.v">
      <FileInfo>
        <Attr Name="ImportPath" Val="$PPRDIR/../p4/p4.srcs/sources_1/new/Decoder.v"/>
        <Attr Name="ImportTime" Val="1675834431"/>
        <Attr Name="UsedIn" Val="synthesis"/>
        <Attr Name="UsedIn" Val="implementation"/>
        <Attr Name="UsedIn" Val="simulation"/>
      </FileInfo>
    </File>
    <File Path="$PSRCDIR/sources_1/imports/new/Edge_counter.v">
      <FileInfo>
        <Attr Name="ImportPath" Val="$PPRDIR/../p3_12/p3_12.srcs/sources_1/imports/new/Edge_counter.v"/>
        <Attr Name="ImportTime" Val="1676329967"/>
        <Attr Name="UsedIn" Val="synthesis"/>
        <Attr Name="UsedIn" Val="implementation"/>
        <Attr Name="UsedIn" Val="simulation"/>
      </FileInfo>
    </File>
    <File Path="$PSRCDIR/sources_1/imports/Desktop/p2_5/p2_5.srcs/sources_1/new/Full_adder.v">
      <FileInfo>
        <Attr Name="ImportPath" Val="$PPRDIR/../p2_5/p2_5.srcs/sources_1/new/Full_adder.v"/>
        <Attr Name="ImportTime" Val="1675884540"/>
        <Attr Name="UsedIn" Val="synthesis"/>
        <Attr Name="UsedIn" Val="implementation"/>
        <Attr Name="UsedIn" Val="simulation"/>
      </FileInfo>
    </File>
    <File Path="$PSRCDIR/sources_1/imports/Desktop/p3_12/p3_12.srcs/sources_1/imports/new/Ring_counter.v">
      <FileInfo>
        <Attr Name="ImportPath" Val="$PPRDIR/../p3_12/p3_12.srcs/sources_1/imports/new/Ring_counter.v"/>
        <Attr Name="ImportTime" Val="1675884556"/>
        <Attr Name="UsedIn" Val="synthesis"/>
        <Attr Name="UsedIn" Val="implementation"/>
        <Attr Name="UsedIn" Val="simulation"/>
      </FileInfo>
    </File>
    <File Path="$PSRCDIR/sources_1/imports/Desktop/p2_5/p2_5.srcs/sources_1/new/SignChanger.v">
      <FileInfo>
        <Attr Name="ImportPath" Val="$PPRDIR/../p2_5/p2_5.srcs/sources_1/new/SignChanger.v"/>
        <Attr Name="ImportTime" Val="1675884540"/>
        <Attr Name="UsedIn" Val="synthesis"/>
        <Attr Name="UsedIn" Val="implementation"/>
        <Attr Name="UsedIn" Val="simulation"/>
      </FileInfo>
    </File>
    <File Path="$PSRCDIR/sources_1/imports/Desktop/p2_5/p2_5.srcs/sources_1/new/adder8.v">
      <FileInfo>
        <Attr Name="ImportPath" Val="$PPRDIR/../p2_5/p2_5.srcs/sources_1/new/adder8.v"/>
        <Attr Name="ImportTime" Val="1675884540"/>
        <Attr Name="UsedIn" Val="synthesis"/>
        <Attr Name="UsedIn" Val="implementation"/>
        <Attr Name="UsedIn" Val="simulation"/>
      </FileInfo>
    </File>
    <File Path="$PSRCDIR/sources_1/new/control_logic.v">
      <FileInfo>
        <Attr Name="ImportPath" Val="$PPRDIR/../p4_1/p4_1.srcs/sources_1/new/control_logic.v"/>
        <Attr Name="ImportTime" Val="1675893440"/>
        <Attr Name="UsedIn" Val="synthesis"/>
        <Attr Name="UsedIn" Val="implementation"/>
        <Attr Name="UsedIn" Val="simulation"/>
      </FileInfo>
    </File>
    <File Path="$PSRCDIR/sources_1/imports/Desktop/p3_12/p3_12.srcs/sources_1/imports/sources_1/imports/new/hex7seg.v">
      <FileInfo>
        <Attr Name="ImportPath" Val="$PPRDIR/../p3_12/p3_12.srcs/sources_1/imports/sources_1/imports/new/hex7seg.v"/>
        <Attr Name="ImportTime" Val="1675884556"/>
        <Attr Name="UsedIn" Val="synthesis"/>
        <Attr Name="UsedIn" Val="implementation"/>
        <Attr Name="UsedIn" Val="simulation"/>
      </FileInfo>
    </File>
    <File Path="$PSRCDIR/sources_1/imports/Desktop/qsec_clks.v">
      <FileInfo>
        <Attr Name="ImportPath" Val="$PPRDIR/../qsec_clks.v"/>
        <Attr Name="ImportTime" Val="1675903316"/>
        <Attr Name="UsedIn" Val="synthesis"/>
        <Attr Name="UsedIn" Val="implementation"/>
        <Attr Name="UsedIn" Val="simulation"/>
      </FileInfo>
    </File>
    <File Path="$PSRCDIR/sources_1/new/rand_num.v">
      <FileInfo>
        <Attr Name="ImportPath" Val="$PPRDIR/../p4/p4.srcs/sources_1/new/rand_num.v"/>
        <Attr Name="ImportTime" Val="1675834106"/>
        <Attr Name="UsedIn" Val="synthesis"/>
        <Attr Name="UsedIn" Val="implementation"/>
        <Attr Name="UsedIn" Val="simulation"/>
      </FileInfo>
    </File>
    <File Path="$PSRCDIR/sources_1/new/score_counter.v">
      <FileInfo>
        <Attr Name="ImportPath" Val="$PPRDIR/../p4_3/p4_3.srcs/sources_1/new/score_counter.v"/>
        <Attr Name="ImportTime" Val="1675903518"/>
        <Attr Name="UsedIn" Val="synthesis"/>
        <Attr Name="UsedIn" Val="implementation"/>
        <Attr Name="UsedIn" Val="simulation"/>
      </FileInfo>
    </File>
    <File Path="$PSRCDIR/sources_1/imports/Desktop/p3_12/p3_12.srcs/sources_1/imports/new/selector.v">
      <FileInfo>
        <Attr Name="ImportPath" Val="$PPRDIR/../p3_12/p3_12.srcs/sources_1/imports/new/selector.v"/>
        <Attr Name="ImportTime" Val="1675884556"/>
        <Attr Name="UsedIn" Val="synthesis"/>
        <Attr Name="UsedIn" Val="implementation"/>
        <Attr Name="UsedIn" Val="simulation"/>
      </FileInfo>
    </File>
    <File Path="$PSRCDIR/sources_1/new/target_num.v">
      <FileInfo>
        <Attr Name="ImportPath" Val="$PPRDIR/../p4_4/p4_4.srcs/sources_1/new/target_num.v"/>
        <Attr Name="ImportTime" Val="1675930258"/>
        <Attr Name="UsedIn" Val="synthesis"/>
        <Attr Name="UsedIn" Val="implementation"/>
        <Attr Name="UsedIn" Val="simulation"/>
      </FileInfo>
    </File>
    <File Path="$PSRCDIR/sources_1/new/time_counter.v">
      <FileInfo>
        <Attr Name="ImportPath" Val="$PPRDIR/../p4_3/p4_3.srcs/sources_1/new/time_counter.v"/>
        <Attr Name="ImportTime" Val="1675903851"/>
        <Attr Name="UsedIn" Val="synthesis"/>
        <Attr Name="UsedIn" Val="implementation"/>
        <Attr Name="UsedIn" Val="simulation"/>
      </FileInfo>
    </File>
    <File Path="$PSRCDIR/sources_1/new/toplvl.v">
      <FileInfo>
        <Attr Name="ImportPath" Val="$PPRDIR/../p4_4/p4_4.srcs/sources_1/new/toplvl.v"/>
        <Attr Name="ImportTime" Val="1675931974"/>
        <Attr Name="UsedIn" Val="synthesis"/>
        <Attr Name="UsedIn" Val="implementation"/>
        <Attr Name="UsedIn" Val="simulation"/>
      </FileInfo>
    </File>
    <Config>
      <Option Name="DesignMode" Val="RTL"/>
      <Option Name="TopModule" Val="toplvl"/>
      <Option Name="TopAutoSet" Val="TRUE"/>
    </Config>
  </FileSet>
  <FileSet Name="constrs_in" Type="Constrs" RelSrcDir="$PSRCDIR/constrs_1">
    <Filter Type="Constrs"/>
    <File Path="$PSRCDIR/constrs_1/imports/Desktop/Basys3_Master.xdc">
      <FileInfo>
        <Attr Name="ImportPath" Val="$PPRDIR/../Desktop/Basys3_Master.xdc"/>
        <Attr Name="ImportTime" Val="1675799434"/>
        <Attr Name="UsedIn" Val="synthesis"/>
        <Attr Name="UsedIn" Val="implementation"/>
      </FileInfo>
    </File>
    <Config>
      <Option Name="ConstrsType" Val="XDC"/>
    </Config>
  </FileSet>
  <FileSet Name="utils" Type="Utils" RelSrcDir="$PSRCDIR/utils_1">
    <Filter Type="Utils"/>
    <Config>
      <Option Name="TopAutoSet" Val="TRUE"/>
    </Config>
  </FileSet>
  <Strategy Version="1" Minor="2">
    <StratHandle Name="Vivado Implementation Defaults" Flow="Vivado Implementation 2019"/>
    <Step Id="init_design"/>
    <Step Id="opt_design"/>
    <Step Id="power_opt_design"/>
    <Step Id="place_design"/>
    <Step Id="post_place_power_opt_design"/>
    <Step Id="phys_opt_design"/>
    <Step Id="route_design"/>
    <Step Id="post_route_phys_opt_design"/>
    <Step Id="write_bitstream"/>
  </Strategy>
</GenRun>
