<?xml version="1.0" encoding="UTF-8"?>
<GenRun Id="synth_1" LaunchPart="xc7a35tcpg236-1" LaunchTime="1676354782">
  <File Type="PA-TCL" Name="toplvl.tcl"/>
  <File Type="RDS-PROPCONSTRS" Name="toplvl_drc_synth.rpt"/>
  <File Type="REPORTS-TCL" Name="toplvl_reports.tcl"/>
  <File Type="RDS-RDS" Name="toplvl.vds"/>
  <File Type="RDS-UTIL" Name="toplvl_utilization_synth.rpt"/>
  <File Type="RDS-UTIL-PB" Name="toplvl_utilization_synth.pb"/>
  <File Type="RDS-DCP" Name="toplvl.dcp"/>
  <File Type="VDS-TIMINGSUMMARY" Name="toplvl_timing_summary_synth.rpt"/>
  <File Type="VDS-TIMING-PB" Name="toplvl_timing_summary_synth.pb"/>
  <FileSet Name="sources" Type="DesignSrcs" RelSrcDir="$PSRCDIR/sources_1">
    <Filter Type="Srcs"/>
    <File Path="$PSRCDIR/sources_1/imports/new/2to1Mux.v">
      <FileInfo>
        <Attr Name="ImportPath" Val="$PPRDIR/../p2_5/p2_5.srcs/sources_1/new/2to1Mux.v"/>
        <Attr Name="ImportTime" Val="1676248942"/>
        <Attr Name="UsedIn" Val="synthesis"/>
        <Attr Name="UsedIn" Val="implementation"/>
        <Attr Name="UsedIn" Val="simulation"/>
      </FileInfo>
    </File>
    <File Path="$PSRCDIR/sources_1/imports/sources_1/imports/new/Counter.v">
      <FileInfo>
        <Attr Name="ImportPath" Val="$PPRDIR/../p3_12/p3_12.srcs/sources_1/imports/new/Counter.v"/>
        <Attr Name="ImportTime" Val="1675991948"/>
        <Attr Name="UsedIn" Val="synthesis"/>
        <Attr Name="UsedIn" Val="implementation"/>
        <Attr Name="UsedIn" Val="simulation"/>
      </FileInfo>
    </File>
    <File Path="$PSRCDIR/sources_1/new/Decoder.v">
      <FileInfo>
        <Attr Name="ImportPath" Val="$PPRDIR/../p4/p4.srcs/sources_1/new/Decoder.v"/>
        <Attr Name="ImportTime" Val="1675834431"/>
        <Attr Name="UsedIn" Val="synthesis"/>
        <Attr Name="UsedIn" Val="implementation"/>
        <Attr Name="UsedIn" Val="simulation"/>
      </FileInfo>
    </File>
    <File Path="$PSRCDIR/sources_1/imports/new/Edge_counter.v">
      <FileInfo>
        <Attr Name="ImportPath" Val="$PPRDIR/../p3_12/p3_12.srcs/sources_1/imports/new/Edge_counter.v"/>
        <Attr Name="ImportTime" Val="1676329967"/>
        <Attr Name="UsedIn" Val="synthesis"/>
        <Attr Name="UsedIn" Val="implementation"/>
        <Attr Name="UsedIn" Val="simulation"/>
      </FileInfo>
    </File>
    <File Path="$PSRCDIR/sources_1/imports/Desktop/p2_5/p2_5.srcs/sources_1/new/Full_adder.v">
      <FileInfo>
        <Attr Name="ImportPath" Val="$PPRDIR/../p2_5/p2_5.srcs/sources_1/new/Full_adder.v"/>
        <Attr Name="ImportTime" Val="1675884540"/>
        <Attr Name="UsedIn" Val="synthesis"/>
        <Attr Name="UsedIn" Val="implementation"/>
        <Attr Name="UsedIn" Val="simulation"/>
      </FileInfo>
    </File>
    <File Path="$PSRCDIR/sources_1/imports/Desktop/p3_12/p3_12.srcs/sources_1/imports/new/Ring_counter.v">
      <FileInfo>
        <Attr Name="ImportPath" Val="$PPRDIR/../p3_12/p3_12.srcs/sources_1/imports/new/Ring_counter.v"/>
        <Attr Name="ImportTime" Val="1675884556"/>
        <Attr Name="UsedIn" Val="synthesis"/>
        <Attr Name="UsedIn" Val="implementation"/>
        <Attr Name="UsedIn" Val="simulation"/>
      </FileInfo>
    </File>
    <File Path="$PSRCDIR/sources_1/imports/Desktop/p2_5/p2_5.srcs/sources_1/new/SignChanger.v">
      <FileInfo>
        <Attr Name="ImportPath" Val="$PPRDIR/../p2_5/p2_5.srcs/sources_1/new/SignChanger.v"/>
        <Attr Name="ImportTime" Val="1675884540"/>
        <Attr Name="UsedIn" Val="synthesis"/>
        <Attr Name="UsedIn" Val="implementation"/>
        <Attr Name="UsedIn" Val="simulation"/>
      </FileInfo>
    </File>
    <File Path="$PSRCDIR/sources_1/imports/Desktop/p2_5/p2_5.srcs/sources_1/new/adder8.v">
      <FileInfo>
        <Attr Name="ImportPath" Val="$PPRDIR/../p2_5/p2_5.srcs/sources_1/new/adder8.v"/>
        <Attr Name="ImportTime" Val="1675884540"/>
        <Attr Name="UsedIn" Val="synthesis"/>
        <Attr Name="UsedIn" Val="implementation"/>
        <Attr Name="UsedIn" Val="simulation"/>
      </FileInfo>
    </File>
    <File Path="$PSRCDIR/sources_1/new/control_logic.v">
      <FileInfo>
        <Attr Name="ImportPath" Val="$PPRDIR/../p4_1/p4_1.srcs/sources_1/new/control_logic.v"/>
        <Attr Name="ImportTime" Val="1675893440"/>
        <Attr Name="UsedIn" Val="synthesis"/>
        <Attr Name="UsedIn" Val="implementation"/>
        <Attr Name="UsedIn" Val="simulation"/>
      </FileInfo>
    </File>
    <File Path="$PSRCDIR/sources_1/imports/Desktop/p3_12/p3_12.srcs/sources_1/imports/sources_1/imports/new/hex7seg.v">
      <FileInfo>
        <Attr Name="ImportPath" Val="$PPRDIR/../p3_12/p3_12.srcs/sources_1/imports/sources_1/imports/new/hex7seg.v"/>
        <Attr Name="ImportTime" Val="1675884556"/>
        <Attr Name="UsedIn" Val="synthesis"/>
        <Attr Name="UsedIn" Val="implementation"/>
        <Attr Name="UsedIn" Val="simulation"/>
      </FileInfo>
    </File>
    <File Path="$PSRCDIR/sources_1/imports/Desktop/qsec_clks.v">
      <FileInfo>
        <Attr Name="ImportPath" Val="$PPRDIR/../qsec_clks.v"/>
        <Attr Name="ImportTime" Val="1675903316"/>
        <Attr Name="UsedIn" Val="synthesis"/>
        <Attr Name="UsedIn" Val="implementation"/>
        <Attr Name="UsedIn" Val="simulation"/>
      </FileInfo>
    </File>
    <File Path="$PSRCDIR/sources_1/new/rand_num.v">
      <FileInfo>
        <Attr Name="ImportPath" Val="$PPRDIR/../p4/p4.srcs/sources_1/new/rand_num.v"/>
        <Attr Name="ImportTime" Val="1675834106"/>
        <Attr Name="UsedIn" Val="synthesis"/>
        <Attr Name="UsedIn" Val="implementation"/>
        <Attr Name="UsedIn" Val="simulation"/>
      </FileInfo>
    </File>
    <File Path="$PSRCDIR/sources_1/new/score_counter.v">
      <FileInfo>
        <Attr Name="ImportPath" Val="$PPRDIR/../p4_3/p4_3.srcs/sources_1/new/score_counter.v"/>
        <Attr Name="ImportTime" Val="1675903518"/>
        <Attr Name="UsedIn" Val="synthesis"/>
        <Attr Name="UsedIn" Val="implementation"/>
        <Attr Name="UsedIn" Val="simulation"/>
      </FileInfo>
    </File>
    <File Path="$PSRCDIR/sources_1/imports/Desktop/p3_12/p3_12.srcs/sources_1/imports/new/selector.v">
      <FileInfo>
        <Attr Name="ImportPath" Val="$PPRDIR/../p3_12/p3_12.srcs/sources_1/imports/new/selector.v"/>
        <Attr Name="ImportTime" Val="1675884556"/>
        <Attr Name="UsedIn" Val="synthesis"/>
        <Attr Name="UsedIn" Val="implementation"/>
        <Attr Name="UsedIn" Val="simulation"/>
      </FileInfo>
    </File>
    <File Path="$PSRCDIR/sources_1/new/target_num.v">
      <FileInfo>
        <Attr Name="ImportPath" Val="$PPRDIR/../p4_4/p4_4.srcs/sources_1/new/target_num.v"/>
        <Attr Name="ImportTime" Val="1675930258"/>
        <Attr Name="UsedIn" Val="synthesis"/>
        <Attr Name="UsedIn" Val="implementation"/>
        <Attr Name="UsedIn" Val="simulation"/>
      </FileInfo>
    </File>
    <File Path="$PSRCDIR/sources_1/new/time_counter.v">
      <FileInfo>
        <Attr Name="ImportPath" Val="$PPRDIR/../p4_3/p4_3.srcs/sources_1/new/time_counter.v"/>
        <Attr Name="ImportTime" Val="1675903851"/>
        <Attr Name="UsedIn" Val="synthesis"/>
        <Attr Name="UsedIn" Val="implementation"/>
        <Attr Name="UsedIn" Val="simulation"/>
      </FileInfo>
    </File>
    <File Path="$PSRCDIR/sources_1/new/toplvl.v">
      <FileInfo>
        <Attr Name="ImportPath" Val="$PPRDIR/../p4_4/p4_4.srcs/sources_1/new/toplvl.v"/>
        <Attr Name="ImportTime" Val="1675931974"/>
        <Attr Name="UsedIn" Val="synthesis"/>
        <Attr Name="UsedIn" Val="implementation"/>
        <Attr Name="UsedIn" Val="simulation"/>
      </FileInfo>
    </File>
    <Config>
      <Option Name="DesignMode" Val="RTL"/>
      <Option Name="TopModule" Val="toplvl"/>
      <Option Name="TopAutoSet" Val="TRUE"/>
    </Config>
  </FileSet>
  <FileSet Name="constrs_in" Type="Constrs" RelSrcDir="$PSRCDIR/constrs_1">
    <Filter Type="Constrs"/>
    <File Path="$PSRCDIR/constrs_1/imports/Desktop/Basys3_Master.xdc">
      <FileInfo>
        <Attr Name="ImportPath" Val="$PPRDIR/../Desktop/Basys3_Master.xdc"/>
        <Attr Name="ImportTime" Val="1675799434"/>
        <Attr Name="UsedIn" Val="synthesis"/>
        <Attr Name="UsedIn" Val="implementation"/>
      </FileInfo>
    </File>
    <Config>
      <Option Name="ConstrsType" Val="XDC"/>
    </Config>
  </FileSet>
  <FileSet Name="utils" Type="Utils" RelSrcDir="$PSRCDIR/utils_1">
    <Filter Type="Utils"/>
    <Config>
      <Option Name="TopAutoSet" Val="TRUE"/>
    </Config>
  </FileSet>
  <Strategy Version="1" Minor="2">
    <StratHandle Name="Vivado Synthesis Defaults" Flow="Vivado Synthesis 2019"/>
    <Step Id="synth_design"/>
  </Strategy>
</GenRun>
